id	gameId	description	resolution00	resolution01	resolution02	resolution03	resolution04	resolution05	resolution06	resolution07	pageTitle	userId	published	ratingSum	votes	createdOn	updatedOn	pubDate	id	description	name	year	publisher	order	createdOn	updatedOn
1	1	A freefalling bungee jumping Heron ship (if such thing is possible in space...). Notice the Amarr space station in the background; this Heron pilot is way out of Caldari space.	caldari-heron.jpg	NULL	NULL	NULL	NULL	NULL	NULL	NULL	Station bungee jumping	1	1	12	3	2012-12-28 00:00:00	2013-01-30 14:04:45	2013-01-30	1	Space-based MMORPG where players compete for economic, political and military supremacy.	EVE Online	2000	CCP games	30	2012-12-11 00:00:00	2013-02-03 17:36:53
8	1	The aura surrounding this ice planet is one of the most beautiful views of the Khanid Domain. Many EVE pilots slow their ships down just to take a peek.	29122012013709planet-ice-out-333.jpg	NULL	NULL	NULL	NULL	NULL	NULL	NULL	Peaceful ice planet	2	1	8	2	2013-01-04 00:00:00	2013-01-30 14:04:45	2013-01-30	1	Space-based MMORPG where players compete for economic, political and military supremacy.	EVE Online	2000	CCP games	30	2012-12-11 00:00:00	2013-02-03 17:36:53
11	1	A Serpentis pirate from EVE Online tries to shot down a mining vessel. The action takes place in deep space, where laws and Concord police can't save the incautious pilot.	black-pirate.jpg	NULL	NULL	NULL	NULL	NULL	NULL	NULL	Black Serpentis, purple beams	2	1	9	2	2013-01-05 00:00:00	2013-01-30 14:04:45	2013-01-30	1	Space-based MMORPG where players compete for economic, political and military supremacy.	EVE Online	2000	CCP games	30	2012-12-11 00:00:00	2013-02-03 17:36:53
12	1	This nebula is one of the EVE Online background built from real N.A.S.A. space photographs. The resemblance with Earth auroras is stunning.	nebula-aurora.jpg	NULL	NULL	NULL	NULL	NULL	NULL	NULL	Space aurora	2	1	7	2	2013-01-05 00:00:00	2013-01-30 14:04:45	2013-01-30	1	Space-based MMORPG where players compete for economic, political and military supremacy.	EVE Online	2000	CCP games	30	2012-12-11 00:00:00	2013-02-03 17:36:53
14	1	This Gallente stargate leads to a dangerous space sector. We wonder what could happen to us if we stayed long enough under this red sun. After all, Superman was born this way...	gallente-gate-347.jpg	NULL	NULL	NULL	NULL	NULL	NULL	NULL	Under a cold red sun	2	1	9	2	2013-01-05 00:00:00	2013-01-30 14:04:45	2013-01-30	1	Space-based MMORPG where players compete for economic, political and military supremacy.	EVE Online	2000	CCP games	30	2012-12-11 00:00:00	2013-02-03 17:36:53
57	1	Some of the less exciting but more lucrative activities of EVE Online involve harvesting minerals on huge planets. As CEO of an industrial corporation, I own this commercial station and a bunch more.	customs-office-232.jpg	NULL	NULL	NULL	NULL	NULL	NULL	NULL	Customs offices	2	1	6	2	2013-01-24 17:25:57	2013-01-30 14:04:45	2013-01-30	1	Space-based MMORPG where players compete for economic, political and military supremacy.	EVE Online	2000	CCP games	30	2012-12-11 00:00:00	2013-02-03 17:36:53
68	1	Smuggler, escort, trader, schemer, Sefir Quazen uses her charm and her savoir faire to end in her favor every potential business transaction.	eveonline_2013-01-30_11-33-05-05.jpg	NULL	NULL	NULL	NULL	NULL	NULL	NULL	Sefir Quazen, a portrait	2	1	13	3	2013-01-30 13:37:36	2013-01-31 08:25:59	2013-01-30	1	Space-based MMORPG where players compete for economic, political and military supremacy.	EVE Online	2000	CCP games	30	2012-12-11 00:00:00	2013-02-03 17:36:53
77	1	A little starship stands in the middle of the hangar of a huge space station. The emptyness is almost palpable.	eveonline_2013-01-30_11-59-01-40.jpg	NULL	NULL	NULL	NULL	NULL	NULL	NULL	The emptyness of a space station	2	1	9	3	2013-02-12 17:39:40	2013-02-12 17:39:54	2013-02-15	1	Space-based MMORPG where players compete for economic, political and military supremacy.	EVE Online	2000	CCP games	30	2012-12-11 00:00:00	2013-02-03 17:36:53
22	2	The limbo is far, far away. Many gruesome deaths still lay our path to the end. Our hero dies the millionth time electrocuted by a giant H.	Limbo_2013-01-10_18-40-00-92.jpg	NULL	NULL	NULL	NULL	NULL	NULL	NULL	Dead by a dirty cheap hotel	2	1	8	2	2013-01-12 07:07:23	2013-01-30 14:04:45	2013-01-30	2	Indie atmospheric platform game	Limbo	2009	Playdead	100	2012-12-10 00:00:00	2013-02-03 17:37:00
23	2	The lake was pale and spooky. The shore is apparently calm, a safe heaven. But looks can be deceiving.	Limbo_2013-01-10_18-42-11-67.jpg	NULL	NULL	NULL	NULL	NULL	NULL	NULL	Dark shore	2	1	9	3	2013-01-12 07:17:36	2013-02-05 10:44:58	2013-01-30	2	Indie atmospheric platform game	Limbo	2009	Playdead	100	2012-12-10 00:00:00	2013-02-03 17:37:00
24	2	How did I get here? Will I be able to go back? Should I go on this way? Always doubts, always questions...	Limbo_2013-01-10_18-44-16-69.jpg	NULL	NULL	NULL	NULL	NULL	NULL	NULL	On top of the half forest	2	1	7	2	2013-01-12 07:20:10	2013-01-30 14:04:45	2013-01-30	2	Indie atmospheric platform game	Limbo	2009	Playdead	100	2012-12-10 00:00:00	2013-02-03 17:37:00
25	2	A premature death caused by one of the most destructive weapon know to the forest people. They're mean, the forest people...	Limbo_2013-01-10_18-44-50-09.jpg	NULL	NULL	NULL	NULL	NULL	NULL	NULL	Smashed wood	2	1	7	2	2013-01-12 08:18:35	2013-01-30 14:04:45	2013-01-30	2	Indie atmospheric platform game	Limbo	2009	Playdead	100	2012-12-10 00:00:00	2013-02-03 17:37:00
26	2	In a two dimensional world, reaching the other side of a pond can be quite dangerous.	Limbo_2013-01-10_18-45-42-18.jpg	NULL	NULL	NULL	NULL	NULL	NULL	NULL	Jumping Limbo flash	2	1	7	2	2013-01-12 08:40:43	2013-01-30 14:04:45	2013-01-30	2	Indie atmospheric platform game	Limbo	2009	Playdead	100	2012-12-10 00:00:00	2013-02-03 17:37:00
27	2	Grab the rope, stay away from the grinding cogs, run down the ladder. Life in Limbo is not for the lazy ones.	Limbo_2013-01-10_18-48-53-37.jpg	NULL	NULL	NULL	NULL	NULL	NULL	NULL	Cogs, ropes and a ladder	2	1	7	2	2013-01-12 08:44:26	2013-01-30 14:04:45	2013-01-30	2	Indie atmospheric platform game	Limbo	2009	Playdead	100	2012-12-10 00:00:00	2013-02-03 17:37:00
2	3	The warrior hero is waiting for the dark moon to finally come. In the meantime, he goes for a picnic on the lake with her fellow sheep friends.	swordandsworcery_pc_2012-12-08.jpg	NULL	NULL	NULL	NULL	NULL	NULL	NULL	A peaceful meadow	2	1	7	2	2012-12-27 00:00:00	2013-01-30 14:04:45	2013-01-30	3	Indie atmospheric game with an old-fashioned 8-bit look.	Superbrothers: Sword & Sworcery	2010	Capybara Games	100	2012-12-01 00:00:00	2013-01-15 21:03:41
44	3	I don't know where this path leads, more trees and rocks I suppose, but I follow it nonetheless. I have my sword and my sworcery, I don't fear anyone or anything.	swordandsworcery_pc_2013-01-19_12-23-26-10.jpg	NULL	NULL	NULL	NULL	NULL	NULL	NULL	A path in a forest	2	1	6	2	2013-01-19 12:15:49	2013-01-30 14:04:45	2013-01-30	3	Indie atmospheric game with an old-fashioned 8-bit look.	Superbrothers: Sword & Sworcery	2010	Capybara Games	100	2012-12-01 00:00:00	2013-01-15 21:03:41
45	3	I'm in the dream of someone else, looking for a key. Everything is mirrored in the lake but the moon. Could it be a... vampire moon? After all, this is a very strange dream.	swordandsworcery_pc_2013-01-19_09-27-40-34.jpg	NULL	NULL	NULL	NULL	NULL	NULL	NULL	The moon at the end of dreams	2	1	6	2	2013-01-19 12:18:02	2013-01-30 14:04:45	2013-01-30	3	Indie atmospheric game with an old-fashioned 8-bit look.	Superbrothers: Sword & Sworcery	2010	Capybara Games	100	2012-12-01 00:00:00	2013-01-15 21:03:41
4	4	Geralt of Rivia stares thoughtfully at a peculiar sign.	witcher2_2012-12-02_00-43-34-72.jpg	NULL	NULL	NULL	NULL	NULL	NULL	NULL	Prancing pony this is not	1	1	14	3	2012-12-30 00:00:00	2013-01-30 14:04:45	2013-01-30	4	Fantasy action/RPG based on the novels by  Andrzej Sapkowski	The Witcher 2	2011	CD Projekt RED	70	2012-12-30 00:00:00	2013-02-03 17:36:44
9	4	King Foltest lays siege to the castle held by Temerian rebel nobles.	witcher2_2013-01-05_13-50-33-12.jpg	NULL	NULL	NULL	NULL	NULL	NULL	NULL	Castle siege #1	1	1	9	2	2013-01-05 00:00:00	2013-01-30 14:04:45	2013-01-30	4	Fantasy action/RPG based on the novels by  Andrzej Sapkowski	The Witcher 2	2011	CD Projekt RED	70	2012-12-30 00:00:00	2013-02-03 17:36:44
10	4	Even in the heat of battle, Geralt of Rivia steals a moment to behold the natural beauties of the land of Temeria.	witcher2_2013-01-05_14-17-12-59.jpg	NULL	NULL	NULL	NULL	NULL	NULL	NULL	Postcards from Temeria #1	1	1	9	2	2013-01-05 00:00:00	2013-01-30 14:04:45	2013-01-30	4	Fantasy action/RPG based on the novels by  Andrzej Sapkowski	The Witcher 2	2011	CD Projekt RED	70	2012-12-30 00:00:00	2013-02-03 17:36:44
74	4	The Flotsam Inn basement looks really warm and cozy. There's stew boiling on the fire, some really good looking sausages hanging near that garlic and even some hams. Maybe we could ask that dwarf for a little pipe-weed at the end of our meal.	witcher2_2013-02-10_18-45-40-31.jpg	NULL	NULL	NULL	NULL	NULL	NULL	NULL	Flotsam Inn basement	1	1	19	4	2013-02-10 17:56:05	2013-02-12 19:42:03	2013-02-11	4	Fantasy action/RPG based on the novels by  Andrzej Sapkowski	The Witcher 2	2011	CD Projekt RED	70	2012-12-30 00:00:00	2013-02-03 17:36:44
75	4	The inn's hall is the right place to have a beer while listening to a minstrel play. Assuming he's not completely drunk and asleep at that table. But if you are feeling hungry, you'd better head downstairs, just follow that inviting smell of hot food.	witcher2_2013-02-10_18-28-44-77.jpg	NULL	NULL	NULL	NULL	NULL	NULL	NULL	Flotsam Inn hall	1	1	8	2	2013-02-10 18:03:51	2013-02-10 18:03:51	2013-02-12	4	Fantasy action/RPG based on the novels by  Andrzej Sapkowski	The Witcher 2	2011	CD Projekt RED	70	2012-12-30 00:00:00	2013-02-03 17:36:44
5	5	Seattle burns at sunset, while Randall Wayne tries to escape the shadows. Shadows they might be called, but zombies is what they are...	deadlight_01.jpg	NULL	NULL	NULL	NULL	NULL	NULL	NULL	Sometimes, it's good to see the world burn	1	1	9	2	2013-01-03 00:00:00	2013-01-30 14:04:45	2013-01-30	5	Survival horror platform game that takes place in a zombie-infested Seattle.	Deadlight	2012	Tequila Works	100	2013-01-03 00:00:00	2013-02-03 17:36:34
6	5	Giant red zombies haunt Randall Wayne's dreams. But maybe zombies are not the worst thing from Randall's memories.	deadlight_02.jpg	NULL	NULL	NULL	NULL	NULL	NULL	NULL	Red Shadows	1	1	9	2	2013-01-03 00:00:00	2013-01-30 14:04:45	2013-01-30	5	Survival horror platform game that takes place in a zombie-infested Seattle.	Deadlight	2012	Tequila Works	100	2013-01-03 00:00:00	2013-02-03 17:36:34
7	5	No zombies to be seen. And yet, a feeling of lonely desperation clutches Randall Wayne.	deadlight_03.jpg	NULL	NULL	NULL	NULL	NULL	NULL	NULL	Grim City	1	1	8	2	2013-01-03 00:00:00	2013-01-30 14:04:45	2013-01-30	5	Survival horror platform game that takes place in a zombie-infested Seattle.	Deadlight	2012	Tequila Works	100	2013-01-03 00:00:00	2013-02-03 17:36:34
15	6	'No help' written on the walls of a hospital. This summarizes very well the spirit of 'The walking dead'.	WalkingDead101_2013-01-07_22-19-02-99.jpg	NULL	NULL	NULL	NULL	NULL	NULL	NULL	No help	1	1	11	3	2013-01-07 21:26:17	2013-02-05 10:47:11	2013-01-30	6	Post apocalyptic, zombie-infested adventure game based on the comic book by Robert Kirkman	The Walking Dead	2012	Telltale games	1000	2013-01-07 21:22:37	2013-04-19 16:47:00
28	7	This magnificent cathedral in southeast Skingrad lures pilgrims from every corner of Tamriel to pray for the Nine Divines.	Oblivion_2013-01-12_14-02-23-16.jpg	NULL	NULL	NULL	NULL	NULL	NULL	NULL	The Great Chapel of Julianos	1	1	8	2	2013-01-12 14:19:09	2013-01-30 14:04:45	2013-01-30	7	action role-playing open world game. It is the fourth installment in The Elder Scrolls action fantasy game series.	Oblivion	2006	Bethesda Softworks	100	2013-01-12 14:12:51	2013-02-03 17:36:16
49	7	After liches, ogres, wraiths and zombies, the hero of Kvatch travels to a small priory in the woods to feed his soul with the preachings of a wise priest.	Oblivion_2013-01-20_14-07-33-01.jpg	NULL	NULL	NULL	NULL	NULL	NULL	NULL	Sunday preachings	2	1	7	2	2013-01-20 13:08:21	2013-01-30 14:04:45	2013-01-30	7	action role-playing open world game. It is the fourth installment in The Elder Scrolls action fantasy game series.	Oblivion	2006	Bethesda Softworks	100	2013-01-12 14:12:51	2013-02-03 17:36:16
50	7	The horrors of Oblivion are still at large, but, from time to time, I try to find some peaceful place under a cherry tree to relax before the next battle.	Oblivion_2013-01-20_14-02-23-79.jpg	NULL	NULL	NULL	NULL	NULL	NULL	NULL	Relax in Tamriel	2	1	7	2	2013-01-20 13:10:23	2013-01-30 14:04:45	2013-01-30	7	action role-playing open world game. It is the fourth installment in The Elder Scrolls action fantasy game series.	Oblivion	2006	Bethesda Softworks	100	2013-01-12 14:12:51	2013-02-03 17:36:16
58	7	After drinking too many potions, I find myself floating over the city at dawn. The geometry is psychedelic from up here.	Oblivion_2013-01-20_15-43-34-93.jpg	NULL	NULL	NULL	NULL	NULL	NULL	NULL	Psychedelic geometry	2	1	6	2	2013-01-26 06:54:38	2013-01-30 14:04:45	2013-01-30	7	action role-playing open world game. It is the fourth installment in The Elder Scrolls action fantasy game series.	Oblivion	2006	Bethesda Softworks	100	2013-01-12 14:12:51	2013-02-03 17:36:16
67	7	Two guards are looking at the twilight on top of Cloud Ruler Temple, where the last heir of the emperor lives as a refugee.	Oblivion_2013-01-30_10-37-12-06.jpg	NULL	NULL	NULL	NULL	NULL	NULL	NULL	Watchtowers at twilight	2	1	7	2	2013-01-30 09:43:08	2013-01-30 14:04:45	2013-01-30	7	action role-playing open world game. It is the fourth installment in The Elder Scrolls action fantasy game series.	Oblivion	2006	Bethesda Softworks	100	2013-01-12 14:12:51	2013-02-03 17:36:16
78	7	The heroine stands in the middle of an imaginary circle while the crusaders whisper their prayers. The minotaur is... is... well, is dead.	Oblivion_2013-01-30_10-12-15-91.jpg	NULL	NULL	NULL	NULL	NULL	NULL	NULL	Rituals and a dead minotaur	2	1	6	2	2013-02-12 17:43:23	2013-02-12 17:43:23	2013-02-18	7	action role-playing open world game. It is the fourth installment in The Elder Scrolls action fantasy game series.	Oblivion	2006	Bethesda Softworks	100	2013-01-12 14:12:51	2013-02-03 17:36:16
29	8	Ezio auditore da Firenze prowls the night, stalking his next victim in Santa Croce.	AssassinsCreedIIGame_2013-01-15_20-38-45-54.jpg	NULL	NULL	NULL	NULL	NULL	NULL	NULL	Cloudy night in Santa Croce	1	1	8	2	2013-01-15 20:43:34	2013-01-30 14:04:45	2013-01-30	8	Historical action-adventure stealth game set in Italy during Renaissance.	Assassin's Creed II	2009	Ubisoft	60	2013-01-15 20:37:51	2013-02-03 17:36:03
30	8	Ezio Auditore silently climbs the walls that separate him from his next victim, with the Duomo di Firenze as a silent observer.	AssassinsCreedIIGame_2013-01-15_20-28-53-20.jpg	NULL	NULL	NULL	NULL	NULL	NULL	NULL	Duomo di Firenze	1	1	7	2	2013-01-15 20:51:49	2013-01-30 14:04:45	2013-01-30	8	Historical action-adventure stealth game set in Italy during Renaissance.	Assassin's Creed II	2009	Ubisoft	60	2013-01-15 20:37:51	2013-02-03 17:36:03
31	8	Ezio auditore da Firenze climbs the walls of the Palazzo della Signoria. Should he reach out, he may be able to touch the moon...	AssassinsCreedIIGame_2013-01-15_20-29-56-21.jpg	NULL	NULL	NULL	NULL	NULL	NULL	NULL	Climbing to the moon	1	1	8	2	2013-01-15 20:54:40	2013-01-30 14:04:45	2013-01-30	8	Historical action-adventure stealth game set in Italy during Renaissance.	Assassin's Creed II	2009	Ubisoft	60	2013-01-15 20:37:51	2013-02-03 17:36:03
32	8	After a cold night spent on the rooftops of Florence, Ezio auditore beholds the sunset shed light on Santa Croce.	AssassinsCreedIIGame_2013-01-15_20-40-42-44.jpg	NULL	NULL	NULL	NULL	NULL	NULL	NULL	Sunrise in Santa Croce	1	1	7	2	2013-01-15 21:01:42	2013-01-30 14:04:45	2013-01-30	8	Historical action-adventure stealth game set in Italy during Renaissance.	Assassin's Creed II	2009	Ubisoft	60	2013-01-15 20:37:51	2013-02-03 17:36:03
38	9	All four tires are screaming on the road and the engine is already spitting fire. The highway devil is coming to take you down into the asphalt inferno. Be prepared.	FlatOut2_2013-01-17_18-46-18-12.jpg	NULL	NULL	NULL	NULL	NULL	NULL	NULL	Asphalt devil	2	1	7	2	2013-01-18 22:03:53	2013-01-30 14:04:45	2013-01-30	9	Racing video game themed on the street racing/import tuner scene.	FlatOut 2	2006	Bugbear Entertainment	100	2013-01-17 18:26:03	2013-02-08 13:58:21
39	9	The road is right there, in front of me. I can drive straight, I know I can... but I can't see the road, for the dirt in my eyes.	FlatOut2_2013-01-17_19-14-23-18.jpg	NULL	NULL	NULL	NULL	NULL	NULL	NULL	Steering in the dirt	2	1	8	2	2013-01-18 22:06:48	2013-01-30 14:04:45	2013-01-30	9	Racing video game themed on the street racing/import tuner scene.	FlatOut 2	2006	Bugbear Entertainment	100	2013-01-17 18:26:03	2013-02-08 13:58:21
40	9	The farmers of this place asked me for help with the crops and I decided to lend them a hand. What can I say? I'm an altruist.	FlatOut2_2013-01-17_19-17-31-19.jpg	NULL	NULL	NULL	NULL	NULL	NULL	NULL	Offroad harvesting	2	1	8	2	2013-01-18 22:07:18	2013-01-30 14:04:45	2013-01-30	9	Racing video game themed on the street racing/import tuner scene.	FlatOut 2	2006	Bugbear Entertainment	100	2013-01-17 18:26:03	2013-02-08 13:58:21
41	9	This should be a race, a serious competition, not a picnic in the countryside. For the love of god, go back to the road and finish this race!	FlatOut2_2013-01-17_19-16-01-16.jpg	NULL	NULL	NULL	NULL	NULL	NULL	NULL	Countryside panorama	2	1	8	2	2013-01-18 22:18:08	2013-01-30 14:04:45	2013-01-30	9	Racing video game themed on the street racing/import tuner scene.	FlatOut 2	2006	Bugbear Entertainment	100	2013-01-17 18:26:03	2013-02-08 13:58:21
42	9	I swear, I didn't aim at the cones and no, I'm not paying for the damage. Somebody threw them at my car. Really, I'm serious.	FlatOut2_2013-01-18_22-50-13-60.jpg	NULL	NULL	NULL	NULL	NULL	NULL	NULL	Strike!	2	1	7	2	2013-01-18 22:21:22	2013-01-30 14:04:45	2013-01-30	9	Racing video game themed on the street racing/import tuner scene.	FlatOut 2	2006	Bugbear Entertainment	100	2013-01-17 18:26:03	2013-02-08 13:58:21
43	9	The demolition derby just started and the black death truck of absolute destruction is already paying the price of making everyone angry.	FlatOut2_2013-01-18_22-26-06-65.jpg	NULL	NULL	NULL	NULL	NULL	NULL	NULL	Two Davids against one Goliath	2	1	7	2	2013-01-18 22:24:12	2013-01-30 14:04:45	2013-01-30	9	Racing video game themed on the street racing/import tuner scene.	FlatOut 2	2006	Bugbear Entertainment	100	2013-01-17 18:26:03	2013-02-08 13:58:21
46	10	Racing the Tuscany countryside with a Mini coupè	gt5_toscana_01.jpg	NULL	NULL	NULL	NULL	NULL	NULL	NULL	Tuscany rally #1	1	1	8	2	2013-01-19 23:16:48	2013-01-30 14:04:45	2013-01-30	10	higly realistic racing simulator based on World Rally Championship, NASCAR and Super GT competitions	Gran Turismo 5	2010	Polyphony Digital	40	2013-01-19 23:12:55	2013-02-03 17:35:45
47	10	Racing the Tuscany countryside with a Mini coupè	gt5_toscana_02.jpg	NULL	NULL	NULL	NULL	NULL	NULL	NULL	Tuscany rally #2	1	1	8	2	2013-01-19 23:18:08	2013-01-30 14:04:45	2013-01-30	10	higly realistic racing simulator based on World Rally Championship, NASCAR and Super GT competitions	Gran Turismo 5	2010	Polyphony Digital	40	2013-01-19 23:12:55	2013-02-03 17:35:45
48	10	Speeding through London streets driving a Fiat 500 F '67	GT5_Londra_01.jpg	NULL	NULL	NULL	NULL	NULL	NULL	NULL	London calling #1	1	1	14	3	2013-01-20 12:39:17	2013-01-30 14:04:45	2013-01-30	10	higly realistic racing simulator based on World Rally Championship, NASCAR and Super GT competitions	Gran Turismo 5	2010	Polyphony Digital	40	2013-01-19 23:12:55	2013-02-03 17:35:45
51	11	An underground river hidden in the caves of an island in the Hebrides. Cthulhu would be happy to rent this place.	dearesther_2013-01-20_16-41-46-25.jpg	NULL	NULL	NULL	NULL	NULL	NULL	NULL	Underground river	1	1	8	2	2013-01-20 16:20:27	2013-01-30 14:04:45	2013-01-30	11	experimental first-person adventure game, originated as a Half Life 2 mod	Dear Esther	2012	thechineseroom	100	2013-01-20 15:58:12	2013-02-03 17:35:34
52	11	Strange, glowing crystals light our path as we explore this beautifully rendered caves	dearesther_2013-01-20_16-46-18-02.jpg	NULL	NULL	NULL	NULL	NULL	NULL	NULL	Blue sand	1	1	9	2	2013-01-20 16:24:55	2013-01-30 14:04:45	2013-01-30	11	experimental first-person adventure game, originated as a Half Life 2 mod	Dear Esther	2012	thechineseroom	100	2013-01-20 15:58:12	2013-02-03 17:35:34
53	11	The wreck of a long-forgotten ship is almost a statement: 'civilization is no longer here'	dearesther_2013-01-20_16-35-35-29.jpg	NULL	NULL	NULL	NULL	NULL	NULL	NULL	Wooden skeleton	1	1	8	2	2013-01-20 16:29:49	2013-01-30 14:04:45	2013-01-30	11	experimental first-person adventure game, originated as a Half Life 2 mod	Dear Esther	2012	thechineseroom	100	2013-01-20 15:58:12	2013-02-03 17:35:34
54	11	Exploring the underground caves, around every corner there's an unexpected beauty. The noise is deafening, but this waterfall is a joy to behold.	dearesther_2013-01-20_16-52-43-03.jpg	NULL	NULL	NULL	NULL	NULL	NULL	NULL	Hidden waterfall	1	1	9	2	2013-01-20 16:35:25	2013-01-30 14:04:45	2013-01-30	11	experimental first-person adventure game, originated as a Half Life 2 mod	Dear Esther	2012	thechineseroom	100	2013-01-20 15:58:12	2013-02-03 17:35:34
55	11	Far in the distance, the lightouse shows us the way. It will be a long journey, but full of wonders.	dearesther_2013-01-20_16-13-35-44.jpg	NULL	NULL	NULL	NULL	NULL	NULL	NULL	Red lightouse	1	1	8	2	2013-01-20 16:37:43	2013-01-30 14:04:45	2013-01-30	11	experimental first-person adventure game, originated as a Half Life 2 mod	Dear Esther	2012	thechineseroom	100	2013-01-20 15:58:12	2013-02-03 17:35:34
56	11	Let's hope none of those stalactites will fall while we ford the river	dearesther_2013-01-20_16-51-56-45.jpg	NULL	NULL	NULL	NULL	NULL	NULL	NULL	Blue stalactites	1	1	8	2	2013-01-20 16:42:32	2013-01-30 14:04:45	2013-01-30	11	experimental first-person adventure game, originated as a Half Life 2 mod	Dear Esther	2012	thechineseroom	100	2013-01-20 15:58:12	2013-02-03 17:35:34
76	11	Dear Esther is a quite controversial media experience, due to its lack of a real gameplay. Is it a videogame? Is it something else? Well, what I ask myself is 'did I enjoy it?', and the answer is 'yes, definitely'. Everything else matters really very little.	dearesther_2013-02-10_13-10-43-32.jpg	NULL	NULL	NULL	NULL	NULL	NULL	NULL	The moon and the stairs	1	1	19	4	2013-02-12 14:44:30	2013-02-12 14:44:30	2013-02-13	11	experimental first-person adventure game, originated as a Half Life 2 mod	Dear Esther	2012	thechineseroom	100	2013-01-20 15:58:12	2013-02-03 17:35:34
80	11	When I got to the exit of this cave, I swear I just stood there for several minutes, beholding this wonderful sight. Playing Dear Esther is just taking a walk in a park, you just have to take your time  to let the beauty around you sink in.	dearesther_2013-02-10_12-59-45-99.jpg	NULL	NULL	NULL	NULL	NULL	NULL	NULL	The moon eye	1	1	9	2	2013-02-12 19:35:11	2013-02-12 19:35:11	2013-02-23	11	experimental first-person adventure game, originated as a Half Life 2 mod	Dear Esther	2012	thechineseroom	100	2013-01-20 15:58:12	2013-02-03 17:35:34
59	12	If that is the 'better tomorrow' awaiting for us, I'm not sure I want to be a part of it...	dxhr_2013-01-27_11-26-16-91.jpg	NULL	NULL	NULL	NULL	NULL	NULL	NULL	For a better tomorrow	1	1	8	2	2013-01-27 12:10:01	2013-01-30 14:04:45	2013-01-30	12	cyberpunk-themed action role-playing game. It is set 25 years before the first Deus Ex game.	Deus Ex: Human Revolution	2011	Eidos Montreal	50	2013-01-27 12:07:33	2013-02-03 17:35:26
60	12	'The Hive' is an exclusive club in the Kuaigan district of Henghsa city. But the name is also good for the futuristic overcrowded sprawls depicted in the game, where human beings crawl like insects.	dxhr_2013-01-27_11-26-53-25.jpg	NULL	NULL	NULL	NULL	NULL	NULL	NULL	The Hive	1	1	9	2	2013-01-27 12:19:43	2013-01-30 14:04:45	2013-01-30	12	cyberpunk-themed action role-playing game. It is set 25 years before the first Deus Ex game.	Deus Ex: Human Revolution	2011	Eidos Montreal	50	2013-01-27 12:07:33	2013-02-03 17:35:26
61	12	Let's hope Gaff doesn't show up to interrupt our ramen-based meal.	dxhr_2013-01-27_12-49-05-75.jpg	NULL	NULL	NULL	NULL	NULL	NULL	NULL	Noodles and neon signs	1	1	8	2	2013-01-27 12:23:42	2013-01-30 14:04:45	2013-01-30	12	cyberpunk-themed action role-playing game. It is set 25 years before the first Deus Ex game.	Deus Ex: Human Revolution	2011	Eidos Montreal	50	2013-01-27 12:07:33	2013-02-03 17:35:26
62	12	The entire game is filled with Blade Runner visual legacy. And I will definitely not complain about that.	dxhr_2013-01-27_12-45-33-82.jpg	NULL	NULL	NULL	NULL	NULL	NULL	NULL	Neon tents	1	1	8	2	2013-01-27 12:32:20	2013-01-30 14:04:45	2013-01-30	12	cyberpunk-themed action role-playing game. It is set 25 years before the first Deus Ex game.	Deus Ex: Human Revolution	2011	Eidos Montreal	50	2013-01-27 12:07:33	2013-02-03 17:35:26
63	12	'The sky above the port was the color of television, tuned to a dead channel'. Or maybe even a little worse than that.	dxhr_2013-01-27_17-29-47-41.jpg	NULL	NULL	NULL	NULL	NULL	NULL	NULL	The sky above the port	1	1	14	3	2013-01-27 16:49:37	2013-01-30 14:04:45	2013-01-30	12	cyberpunk-themed action role-playing game. It is set 25 years before the first Deus Ex game.	Deus Ex: Human Revolution	2011	Eidos Montreal	50	2013-01-27 12:07:33	2013-02-03 17:35:26
64	12	Somebody has been smoking A LOT around here. Recently. And that is what I call a big-ass tv screen.	dxhr_2013-01-27_16-50-27-67.jpg	NULL	NULL	NULL	NULL	NULL	NULL	NULL	Home sweet home	1	1	9	2	2013-01-27 16:54:30	2013-01-30 14:04:45	2013-01-30	12	cyberpunk-themed action role-playing game. It is set 25 years before the first Deus Ex game.	Deus Ex: Human Revolution	2011	Eidos Montreal	50	2013-01-27 12:07:33	2013-02-03 17:35:26
65	12	Or maybe shrimp wonton dumplings and some Peking Duck. Or maybe...	dxhr_2013-01-27_17-01-54-86.jpg	NULL	NULL	NULL	NULL	NULL	NULL	NULL	Chow mein and Kung Pao chicken	1	1	9	2	2013-01-27 16:59:49	2013-01-30 14:04:45	2013-01-30	12	cyberpunk-themed action role-playing game. It is set 25 years before the first Deus Ex game.	Deus Ex: Human Revolution	2011	Eidos Montreal	50	2013-01-27 12:07:33	2013-02-03 17:35:26
66	12	'Replace your organic arm with a vastly stronger mechanical one that will never tire, ache, or fail you' - Sarif industries commercial	dxhr_2013-01-27_17-00-19-79.jpg	NULL	NULL	NULL	NULL	NULL	NULL	NULL	Cold steel	1	1	9	2	2013-01-27 17:09:03	2013-01-30 14:04:45	2013-01-30	12	cyberpunk-themed action role-playing game. It is set 25 years before the first Deus Ex game.	Deus Ex: Human Revolution	2011	Eidos Montreal	50	2013-01-27 12:07:33	2013-02-03 17:35:26
79	12	One of the most exclusive clubs in Hengsha, the Hive is also home for the crime boss Tong Si Hung. Music is too loud here for my tastes. And the admission fee is a robbery.	dxhr_2013-02-10_16-59-15-41.jpg	NULL	NULL	NULL	NULL	NULL	NULL	NULL	Nightclub 'The Hive'	1	1	8	2	2013-02-12 19:27:56	2013-02-12 19:39:56	2013-02-20	12	cyberpunk-themed action role-playing game. It is set 25 years before the first Deus Ex game.	Deus Ex: Human Revolution	2011	Eidos Montreal	50	2013-01-27 12:07:33	2013-02-03 17:35:26
69	13	This looks like a nice place for a beer or three. If you can forget the grime and the occasional rat. I really love those whale-oil lamps, though.	Dishonored_2013-01-31_20-30-13-28.jpg	NULL	NULL	NULL	NULL	NULL	NULL	NULL	The Hound Pits Pub	1	1	14	3	2013-01-31 19:59:34	2013-02-03 17:38:30	2013-01-30	13	Stealth action adventure game set in a steampunk world resembling early 1900s London	Dishonored	2012	Arkane Studios	10	2013-01-31 19:54:52	2013-03-01 19:47:57
70	13	The Dunwall Whiskey Distillery, now hideout for the local crime boss Slackjaw. I notice a certain alcooholic sub-theme in this game.	Dishonored_2013-02-02_15-15-48-92.jpg	NULL	NULL	NULL	NULL	NULL	NULL	NULL	The Dunwall distillery	1	1	14	3	2013-02-02 16:00:59	2013-02-03 11:24:22	2013-02-03	13	Stealth action adventure game set in a steampunk world resembling early 1900s London	Dishonored	2012	Arkane Studios	10	2013-01-31 19:54:52	2013-03-01 19:47:57
81	13	After the murder of empress Jessamine, Dunwall is a militarized city. Armed Overseers patrol the streets, while the rat plague ravages the poor. On that bridge, guards are throwing at sea the corpses of plague victims.	Dishonored_2013-02-22_22-08-33-60.jpg	NULL	NULL	NULL	NULL	NULL	NULL	NULL	Stormy night on Bottle Street	1	1	9	2	2013-02-22 21:23:40	2013-02-22 21:23:40	2013-02-27	13	Stealth action adventure game set in a steampunk world resembling early 1900s London	Dishonored	2012	Arkane Studios	10	2013-01-31 19:54:52	2013-03-01 19:47:57
82	13	Even in a rat-infested sewer like the Hound Pits, one can find beauty. If he knows where (and when) to look.	Dishonored_2013-03-01_20-26-09-30.jpg	NULL	NULL	NULL	NULL	NULL	NULL	NULL	Beauty is in the eye of the beholder	1	1	9	2	2013-03-01 19:41:11	2013-03-01 19:48:10	2013-03-01	13	Stealth action adventure game set in a steampunk world resembling early 1900s London	Dishonored	2012	Arkane Studios	10	2013-01-31 19:54:52	2013-03-01 19:47:57
109	13	That's a pretty suggestive night-time landscape, with the clock tower, the moon and all. Shame for that Tallboy that really had to ruin my screenshot. Nasty piece of work those Tallboys.	Dishonored_2013-03-09_17-02-13-57.jpg	NULL	NULL	NULL	NULL	NULL	NULL	NULL	Photo crasher Tallboy	1	1	19	4	2013-03-19 19:30:42	2013-05-10 20:41:04	2013-03-31	13	Stealth action adventure game set in a steampunk world resembling early 1900s London	Dishonored	2012	Arkane Studios	10	2013-01-31 19:54:52	2013-03-01 19:47:57
110	13	A monster made of steel and concrete, Kaldwin bridge really fits very well in the steampunk-like world of Dishonored. And by the way, it's crawling with guards. And I've got to cross it.	Dishonored_2013-02-08_20-00-45-19.jpg	NULL	NULL	NULL	NULL	NULL	NULL	NULL	Kaldwin bridge	1	1	19	4	2013-03-19 19:35:51	2013-05-10 20:40:59	2013-04-02	13	Stealth action adventure game set in a steampunk world resembling early 1900s London	Dishonored	2012	Arkane Studios	10	2013-01-31 19:54:52	2013-03-01 19:47:57
72	14	Unfortunately, it is not possible to explore the dwellings of the Elephant's Elbow pub. It's a shame, I'd love to see a pub designed by American McGee. And the 'Squid and the Fox' in the background could be even more intriguing.	AliceMadnessReturns_2013-02-09_12-07-05-73.jpg	NULL	NULL	NULL	NULL	NULL	NULL	NULL	The Elephant's Elbow	1	1	7	2	2013-02-09 11:25:53	2013-02-09 11:25:53	2013-02-09	14	psychological horror, action adventure game created by American McGee.	Alice: Madness Returns	2011	Spicy Horse	1000	2013-02-09 11:20:52	2013-02-09 11:20:52
73	14	The gameplay and level design may be weak, but the visuals of this game are simply astounding. This is the view from the Rutledge Asylum rooftop, where Alice is held for treatment.	AliceMadnessReturns_2013-02-09_10-57-22-27.jpg	NULL	NULL	NULL	NULL	NULL	NULL	NULL	Rutledge Asylum rooftop	1	1	14	3	2013-02-09 11:54:11	2013-02-09 11:54:11	2013-02-10	14	psychological horror, action adventure game created by American McGee.	Alice: Madness Returns	2011	Spicy Horse	1000	2013-02-09 11:20:52	2013-02-09 11:20:52
83	14	Notice the blood spots on the teeth. And the Cheshire Cat is probably the our only friend in the entire game. Very reassuring.	AliceMadnessReturns_2013-02-09_10-59-41-86.jpg	NULL	NULL	NULL	NULL	NULL	NULL	NULL	Cheshire smile	1	1	8	2	2013-03-01 19:45:47	2013-03-01 19:45:47	2013-03-06	14	psychological horror, action adventure game created by American McGee.	Alice: Madness Returns	2011	Spicy Horse	1000	2013-02-09 11:20:52	2013-02-09 11:20:52
84	15	Accompanied by our dog Homer (or Blue, or maybe he has no name at all, just that stray hat),we stop by Equus Oil on our way  to 5 Dogwood Drive. Old Joseph looks in the mood for a little chat.	KentuckyRouteZero_ActI_2013-03-03_18-49-51-21.jpg	NULL	NULL	NULL	NULL	NULL	NULL	NULL	Equus Oils	1	1	9	2	2013-03-03 19:37:21	2013-03-03 19:37:21	2013-03-09	15	indie episodic point and click adventure game. There are no puzzles or challenges, as the main focus of the game stands on storytelling and atmosphere.	Kentucky Route Zero	2013	Cardboard Computer	1000	2013-03-03 19:32:26	2013-03-03 19:51:15
85	15	Following old Joseph's suggestion, Conway stops by the Marquez farm to ask Weaver for directions. Maybe that's non such a good idea after all.	KentuckyRouteZero_ActI_2013-03-03_20-13-20-67.jpg	NULL	NULL	NULL	NULL	NULL	NULL	NULL	The Marquez Farm	1	1	8	2	2013-03-03 19:39:58	2013-03-03 19:40:09	2013-03-13	15	indie episodic point and click adventure game. There are no puzzles or challenges, as the main focus of the game stands on storytelling and atmosphere.	Kentucky Route Zero	2013	Cardboard Computer	1000	2013-03-03 19:32:26	2013-03-03 19:51:15
86	15	Lucky for us, Shannon can fix that old Tv set old Joseph gave us.	KentuckyRouteZero_ActI_2013-03-03_20-15-29-01.jpg	NULL	NULL	NULL	NULL	NULL	NULL	NULL	Horses and an old Tv	1	1	8	2	2013-03-03 19:47:27	2013-03-03 19:47:27	2013-03-16	15	indie episodic point and click adventure game. There are no puzzles or challenges, as the main focus of the game stands on storytelling and atmosphere.	Kentucky Route Zero	2013	Cardboard Computer	1000	2013-03-03 19:32:26	2013-03-03 19:51:15
87	15	Finally, Kentucky Route Zero. That wasn't so difficult after all. Just needed to fix that old tv set. How come I didn't think of that...	KentuckyRouteZero_ActI_2013-03-03_20-16-22-66.jpg	NULL	NULL	NULL	NULL	NULL	NULL	NULL	Route Zero	1	1	7	2	2013-03-03 19:50:20	2013-03-03 19:50:20	2013-03-19	15	indie episodic point and click adventure game. There are no puzzles or challenges, as the main focus of the game stands on storytelling and atmosphere.	Kentucky Route Zero	2013	Cardboard Computer	1000	2013-03-03 19:32:26	2013-03-03 19:51:15
88	16	I've never been a fan of the Tomb Raider saga. Honestly, I don't know what made me decide to buy this new chapter, but I am glad I did. I really love the new Lara, she's a more deep and realistic character than she ever was in the previous games.	TombRaider_2013-03-15_20-27-30-41.jpg	NULL	NULL	NULL	NULL	NULL	NULL	NULL	The adventure begins (again)	1	1	8	2	2013-03-20 20:00:54	2013-03-20 20:00:54	2013-03-22	16	action-adventure platform video game. It is a reboot that emphasizes the reconstructed origins of the lead character Lara Croft.	Tomb Raider	2013	Crystal Dynamics	2	2013-03-20 19:42:58	2013-03-20 19:42:58
89	16	What is a japanese-style temple doing on an island in the middle oh the Dragon's Triangle? I suspect Lara is about to find out. In a very unpleasant way.	TombRaider_2013-03-17_10-49-43-16.jpg	NULL	NULL	NULL	NULL	NULL	NULL	NULL	A mysterious temple	1	1	9	2	2013-03-20 20:04:29	2013-03-20 20:04:29	2013-03-26	16	action-adventure platform video game. It is a reboot that emphasizes the reconstructed origins of the lead character Lara Croft.	Tomb Raider	2013	Crystal Dynamics	2	2013-03-20 19:42:58	2013-03-20 19:42:58
90	16	The character of Lara Croft has changed A LOT in this reboot. But I am glad to see that some things remained the same :-)	TombRaider_2013-03-20_20-29-49-60.jpg	NULL	NULL	NULL	NULL	NULL	NULL	NULL	What are you looking at?	1	1	9	2	2013-03-20 20:06:58	2013-03-20 20:07:12	2013-03-30	16	action-adventure platform video game. It is a reboot that emphasizes the reconstructed origins of the lead character Lara Croft.	Tomb Raider	2013	Crystal Dynamics	2	2013-03-20 19:42:58	2013-03-20 19:42:58
91	16	The island where Lara is stranded is littered with settlements going back to World War II. This looks like some kind of japanese base.	TombRaider_2013-03-20_20-31-08-54.jpg	NULL	NULL	NULL	NULL	NULL	NULL	NULL	World War II legacy	1	1	4	1	2013-03-20 20:10:14	2013-03-20 20:10:14	2013-04-04	16	action-adventure platform video game. It is a reboot that emphasizes the reconstructed origins of the lead character Lara Croft.	Tomb Raider	2013	Crystal Dynamics	2	2013-03-20 19:42:58	2013-03-20 19:42:58
92	16	Here is a nice close-up of the new Lara. What do you think? Do you like her? I certainly do.	TombRaider_2013-03-21_19-39-33-46.jpg	NULL	NULL	NULL	NULL	NULL	NULL	NULL	Lara close-up	1	1	4	1	2013-03-22 20:23:29	2013-03-22 20:23:29	2013-04-08	16	action-adventure platform video game. It is a reboot that emphasizes the reconstructed origins of the lead character Lara Croft.	Tomb Raider	2013	Crystal Dynamics	2	2013-03-20 19:42:58	2013-03-20 19:42:58
93	16	Roper bridges. That's something I really hope I'll never have to touch in my life. But Lara is not that lucky.	TombRaider_2013-03-22_21-12-24-54.jpg	NULL	NULL	NULL	NULL	NULL	NULL	NULL	It's Water Under The Bridge	1	1	4	1	2013-03-22 20:26:06	2013-03-22 20:26:06	2013-04-15	16	action-adventure platform video game. It is a reboot that emphasizes the reconstructed origins of the lead character Lara Croft.	Tomb Raider	2013	Crystal Dynamics	2	2013-03-20 19:42:58	2013-03-20 19:42:58
94	16	Lara has been captured, and when she wakes up she finds herself hanging from a hook. I believe a good old 'WTF' is mandatory here.	TombRaider_2013-03-23_10-05-49-71.jpg	NULL	NULL	NULL	NULL	NULL	NULL	NULL	The butcher's lair	1	1	4	2	2013-03-26 08:13:10	2013-03-26 08:13:10	2013-04-18	16	action-adventure platform video game. It is a reboot that emphasizes the reconstructed origins of the lead character Lara Croft.	Tomb Raider	2013	Crystal Dynamics	2	2013-03-20 19:42:58	2013-03-20 19:42:58
95	16	I'm no expert, but the temples and shrines Lara explores during the game seem really carefully reconstructed. Good work Crystal Dynamics.	TombRaider_2013-03-23_10-10-02-24.jpg	NULL	NULL	NULL	NULL	NULL	NULL	NULL	Temple of Himiko	1	1	4	1	2013-03-26 08:22:04	2013-03-26 08:22:04	2013-04-21	16	action-adventure platform video game. It is a reboot that emphasizes the reconstructed origins of the lead character Lara Croft.	Tomb Raider	2013	Crystal Dynamics	2	2013-03-20 19:42:58	2013-03-20 19:42:58
96	16	If I really have to point the finger, maybe Lara is a little inexpressive in some scenes. But what she lacks in facial expressions, she makes up with other... physical attributes.	TombRaider_2013-03-23_10-10-27-50.jpg	NULL	NULL	NULL	NULL	NULL	NULL	NULL	Maybe a little inexpressive	1	1	4	1	2013-03-26 08:26:28	2013-03-26 08:39:48	2013-04-24	16	action-adventure platform video game. It is a reboot that emphasizes the reconstructed origins of the lead character Lara Croft.	Tomb Raider	2013	Crystal Dynamics	2	2013-03-20 19:42:58	2013-03-20 19:42:58
97	16	That wooden structure has been there for decades, but it chose right this moment to give in to the blowing winds. The usual action-movie clichè.	TombRaider_2013-03-23_10-16-01-69.jpg	NULL	NULL	NULL	NULL	NULL	NULL	NULL	Hold tight, Lara	1	1	8	2	2013-03-26 08:30:33	2013-03-26 08:30:33	2013-04-27	16	action-adventure platform video game. It is a reboot that emphasizes the reconstructed origins of the lead character Lara Croft.	Tomb Raider	2013	Crystal Dynamics	2	2013-03-20 19:42:58	2013-03-20 19:42:58
98	16	One of the many moments of despair Lara will have to face during the game. There will be no lack of tears. This really makes the gaming experience more intense.	TombRaider_2013-03-23_19-19-29-03.jpg	NULL	NULL	NULL	NULL	NULL	NULL	NULL	A moment of desperation	1	1	4	1	2013-03-26 08:33:42	2013-03-26 08:33:42	2013-04-30	16	action-adventure platform video game. It is a reboot that emphasizes the reconstructed origins of the lead character Lara Croft.	Tomb Raider	2013	Crystal Dynamics	2	2013-03-20 19:42:58	2013-03-20 19:42:58
99	16	Rigth after another excruciating experience, Lara needs a moment to rest and gather her strenght. The calm before the next storm.	TombRaider_2013-03-23_19-19-44-33.jpg	NULL	NULL	NULL	NULL	NULL	NULL	NULL	A peaceful moment	1	1	4	1	2013-03-26 08:36:36	2013-03-26 08:36:36	2013-05-03	16	action-adventure platform video game. It is a reboot that emphasizes the reconstructed origins of the lead character Lara Croft.	Tomb Raider	2013	Crystal Dynamics	2	2013-03-20 19:42:58	2013-03-20 19:42:58
100	16	Rope bridges are everywhere in the game. An this is one of the easiest to cross.	TombRaider_2013-03-23_19-27-20-51.jpg	NULL	NULL	NULL	NULL	NULL	NULL	NULL	Rope bridges (again)	1	1	4	1	2013-03-26 08:38:33	2013-03-26 08:38:42	2013-05-06	16	action-adventure platform video game. It is a reboot that emphasizes the reconstructed origins of the lead character Lara Croft.	Tomb Raider	2013	Crystal Dynamics	2	2013-03-20 19:42:58	2013-03-20 19:42:58
101	16	Yep, that's Lara. And yep, she's falling. You'll have to play the game to see how the fall will end. No spoilers here.	TombRaider_2013-03-23_19-33-25-46.jpg	NULL	NULL	NULL	NULL	NULL	NULL	NULL	The fall	1	1	4	1	2013-03-26 08:41:14	2013-03-26 08:41:14	2013-05-09	16	action-adventure platform video game. It is a reboot that emphasizes the reconstructed origins of the lead character Lara Croft.	Tomb Raider	2013	Crystal Dynamics	2	2013-03-20 19:42:58	2013-03-20 19:42:58
102	16	Lara will face several moments of self-doubt during the game. Finding the strength to overcome them is what makes her a survivor.	TombRaider_2013-03-23_19-34-03-10.jpg	NULL	NULL	NULL	NULL	NULL	NULL	NULL	You can do it	1	1	4	1	2013-03-26 08:43:41	2013-03-26 08:43:41	2013-05-12	16	action-adventure platform video game. It is a reboot that emphasizes the reconstructed origins of the lead character Lara Croft.	Tomb Raider	2013	Crystal Dynamics	2	2013-03-20 19:42:58	2013-03-20 19:42:58
103	16	This time it's not emotional pain, but it's caused by a physical injury. But that  scream of agony doesn't make it any less unpleasant to watch.	TombRaider_2013-03-23_19-42-49-13.jpg	NULL	NULL	NULL	NULL	NULL	NULL	NULL	Lara in pain	1	1	9	2	2013-03-26 08:46:43	2013-03-26 08:46:43	2013-05-15	16	action-adventure platform video game. It is a reboot that emphasizes the reconstructed origins of the lead character Lara Croft.	Tomb Raider	2013	Crystal Dynamics	2	2013-03-20 19:42:58	2013-03-20 19:42:58
104	16	I really don't know how to comment on this. Really. You think on something by yourself, thank you.	TombRaider_2013-03-24_19-15-41-68.jpg	NULL	NULL	NULL	NULL	NULL	NULL	NULL	Blood, blood, blood	1	1	4	1	2013-03-26 08:48:53	2013-03-26 08:48:53	2013-05-18	16	action-adventure platform video game. It is a reboot that emphasizes the reconstructed origins of the lead character Lara Croft.	Tomb Raider	2013	Crystal Dynamics	2	2013-03-20 19:42:58	2013-03-20 19:42:58
105	16	The usual lair of the usual madman, walls covered in nonsensical scribbles. Still disturbing.	TombRaider_2013-03-24_19-40-50-41.jpg	NULL	NULL	NULL	NULL	NULL	NULL	NULL	No one leaves	1	1	4	1	2013-03-26 08:50:47	2013-03-26 08:50:47	2013-05-21	16	action-adventure platform video game. It is a reboot that emphasizes the reconstructed origins of the lead character Lara Croft.	Tomb Raider	2013	Crystal Dynamics	2	2013-03-20 19:42:58	2013-03-20 19:42:58
106	16	That rifle on her back makes a nice contrast with her pretty face, doesn't it? Or maybe it's just me.	TombRaider_2013-03-24_19-56-21-24.jpg	NULL	NULL	NULL	NULL	NULL	NULL	NULL	Chicks and rifles	1	1	4	1	2013-03-26 08:52:56	2013-03-26 08:52:56	2013-05-24	16	action-adventure platform video game. It is a reboot that emphasizes the reconstructed origins of the lead character Lara Croft.	Tomb Raider	2013	Crystal Dynamics	2	2013-03-20 19:42:58	2013-03-20 19:42:58
107	16	Another action-movie clichè, the hero jumping from a rooftop towards an helicopter. I believe we should have expected one of those.	TombRaider_2013-03-25_19-17-43-47.jpg	NULL	NULL	NULL	NULL	NULL	NULL	NULL	When stuff blows up	1	1	9	2	2013-03-26 08:55:39	2013-03-26 08:55:39	2013-05-27	16	action-adventure platform video game. It is a reboot that emphasizes the reconstructed origins of the lead character Lara Croft.	Tomb Raider	2013	Crystal Dynamics	2	2013-03-20 19:42:58	2013-03-20 19:42:58
108	16	What can I say, I really find this kind of scene somewhat funny. In a that's-really-really-REALLY-difficult-to-believe kind of way. Maybe it's Lara's pose. I don't know.	TombRaider_2013-03-25_19-17-41-34.jpg	NULL	NULL	NULL	NULL	NULL	NULL	NULL	Inadvertently funny	1	1	4	1	2013-03-26 08:59:24	2013-03-26 08:59:24	2013-05-31	16	action-adventure platform video game. It is a reboot that emphasizes the reconstructed origins of the lead character Lara Croft.	Tomb Raider	2013	Crystal Dynamics	2	2013-03-20 19:42:58	2013-03-20 19:42:58
111	17	In Dunwall, whale oil is the main power source. It is used in lamps, engines and to generate electricity. Alas, in this screenshot you can see the consequences.	Dishonored_2013-04-19_18-21-54-00.jpg	NULL	NULL	NULL	NULL	NULL	NULL	NULL	Whale salughtering	1	1	19	4	2013-03-19 17:35:52	2013-05-10 20:40:22	2013-04-19	17	the second DLC for Dishonored. Here, the player takes on the role of Daud, killer of Empress Kaldwin. Daud, as Corvo, has been chosen by the Outsider and bears his Mark, wich grants him supernatural powers (slightly different form the ones Corvo has).	Dishonored, the kinfe of Dunwall	2013	Arkane Studios	11	2013-04-19 17:30:33	2013-04-19 16:47:33
112	17	When the Outsider summons you, there's no refusing. He simply drags you in a different world, where everything may seem dream-like but is equally lethal.	Dishonored_2013-04-18_20-24-28-40.jpg	NULL	NULL	NULL	NULL	NULL	NULL	NULL	Tricks of the Outsider	1	1	4	1	2013-03-19 17:43:20	2013-05-10 20:40:18	2013-04-20	17	the second DLC for Dishonored. Here, the player takes on the role of Daud, killer of Empress Kaldwin. Daud, as Corvo, has been chosen by the Outsider and bears his Mark, wich grants him supernatural powers (slightly different form the ones Corvo has).	Dishonored, the kinfe of Dunwall	2013	Arkane Studios	11	2013-04-19 17:30:33	2013-04-19 16:47:33
113	17	A nice drawing depicting an assassin stalking his prey near a whale slaughterhouse. This pretty much sums up everything you need to know about Dunwall, I think.	Dishonored_2013-04-18_20-27-14-75.jpg	NULL	NULL	NULL	NULL	NULL	NULL	NULL	Postacards from Dunwall #1	1	1	4	1	2013-03-19 17:45:45	2013-05-10 20:40:09	2013-04-21	17	the second DLC for Dishonored. Here, the player takes on the role of Daud, killer of Empress Kaldwin. Daud, as Corvo, has been chosen by the Outsider and bears his Mark, wich grants him supernatural powers (slightly different form the ones Corvo has).	Dishonored, the kinfe of Dunwall	2013	Arkane Studios	11	2013-04-19 17:30:33	2013-04-19 16:47:33
114	18	Well, somebody obviously doesn't like to be disappointed.	BioShockInfinite_2013-12-03_19-22-51-31.jpg	NULL	NULL	NULL	NULL	NULL	NULL	NULL	Not creepy at all	1	1	4	1	2015-06-17 11:31:31	2015-06-17 11:31:31	2015-06-17	18	First-person shooter game where the player is sent to the floating air city of Columbia to find a young woman, Elizabeth, who has been held captive there for most of her life.	Bioshock Infinite	2013	2K games	50	2015-06-17 11:11:31	2015-06-17 11:11:31
115	18	Is it just me or that really does sound like e certain blue pill commercial?	BioShockInfinite_2013-12-03_19-44-50-06.jpg	NULL	NULL	NULL	NULL	NULL	NULL	NULL	Bigger life with VIGOR	1	1	4	1	2015-06-17 11:34:14	2015-06-17 11:34:14	2015-06-18	18	First-person shooter game where the player is sent to the floating air city of Columbia to find a young woman, Elizabeth, who has been held captive there for most of her life.	Bioshock Infinite	2013	2K games	50	2015-06-17 11:11:31	2015-06-17 11:11:31
116	18	A coin-op steampunk contraption/vending machine?	BioShockInfinite_2013-12-03_19-47-30-88.jpg	NULL	NULL	NULL	NULL	NULL	NULL	NULL	Steampunk coin-op	1	1	4	1	2015-06-17 11:38:19	2015-06-17 11:38:19	2015-06-19	18	First-person shooter game where the player is sent to the floating air city of Columbia to find a young woman, Elizabeth, who has been held captive there for most of her life.	Bioshock Infinite	2013	2K games	50	2015-06-17 11:11:31	2015-06-17 11:11:31
117	19	Just one thing I have to say about this: TIMMYYYYYYYYYYY!!!!	South_Park_-_The_Stick_of_Truth_2014-03-28_20-08-21-96.jpg	NULL	NULL	NULL	NULL	NULL	NULL	NULL	Timmyyyyyyy	1	1	4	1	2015-06-17 11:43:15	2015-06-17 11:43:15	2015-06-20	19	RPG based on the (in)famous animated series.	South Park: the stick of truth	2014	Obsidian Entertainment	20	2015-06-17 11:40:48	2015-06-17 11:40:48
118	20	If I were him, I would not sleep too tightly...	The_Bridge_2013-12-19_22-27-21-95.jpg	NULL	NULL	NULL	NULL	NULL	NULL	NULL	Escherian dreams	1	1	4	1	2015-06-17 12:32:20	2015-06-17 12:32:20	2015-06-21	20	The Bridge is an indie video game where the player controls an Escher-like character and the rotation of the 2D environment, which affects gravity based on the changing orientation of the landscape.	The Bridge	2013	The Quantum Astrophysicists Guild	1000	2015-06-17 12:30:08	2015-06-17 12:30:08
119	21	Well, my dwarfs definitely are. And with good reason. (My dwarfs won that battle, btw)	Warhammer_2016-07-11_20-36-36-22.png	NULL	NULL	NULL	NULL	NULL	NULL	NULL	Who's afraid of Grimgor?	1	1	9	2	2016-07-12 12:25:00	2016-07-12 12:25:00	2016-07-12	21	Strategy game set in the Games Workshop Warhammer fantasy world.	Total War: Warhammer	2016	The Creative Assembly	4	2016-07-12 12:22:16	2016-07-12 12:22:16
120	21	If you think this situation looks hopeless, the you don't know the resilience of a dwarf Lord. This little guy here (Lord Byrrnoth Grundadrakk) got out of this bloody mess with barely a scratch. Of course, facing a greenskin general is another matter...	Warhammer_2016-07-11_20-33-44-64.jpg	NULL	NULL	NULL	NULL	NULL	NULL	NULL	The Green Sea	1	1	9	2	2016-07-12 12:58:29	2016-07-12 12:58:29	2016-07-12	21	Strategy game set in the Games Workshop Warhammer fantasy world.	Total War: Warhammer	2016	The Creative Assembly	4	2016-07-12 12:22:16	2016-07-12 12:22:16
121	21	Being a dwarf should not be bad. Except when you have the Savage Orc Boar Boyz Big'Uns charging you in battle.	20160714192952_1.jpg	NULL	NULL	NULL	NULL	NULL	NULL	NULL	Boar charge	1	1	4	1	2016-07-14 20:32:29	2016-07-14 20:32:29	2016-07-14	21	Strategy game set in the Games Workshop Warhammer fantasy world.	Total War: Warhammer	2016	The Creative Assembly	4	2016-07-12 12:22:16	2016-07-12 12:22:16
122	21	Dwarf gyrobombers have a nice steampunk feel about them. And their pilots must be more than a little crazy to willingly accept to zip through the sky enclosed in that tiny tinboxes.	20160714225450_1.jpg	NULL	NULL	NULL	NULL	NULL	NULL	NULL	Dwarf Airforce	1	1	4	1	2016-07-15 06:34:01	2016-07-15 06:34:01	2016-07-15	21	Strategy game set in the Games Workshop Warhammer fantasy world.	Total War: Warhammer	2016	The Creative Assembly	4	2016-07-12 12:22:16	2016-07-12 12:22:16
123	21	Let me say this: Explosions in Total War Warhammer look just great!	20160714225659_1.jpg	NULL	NULL	NULL	NULL	NULL	NULL	NULL	Dwarf Airforce in action	1	1	4	1	2016-07-15 06:35:39	2016-07-15 06:35:39	2016-07-19	21	Strategy game set in the Games Workshop Warhammer fantasy world.	Total War: Warhammer	2016	The Creative Assembly	4	2016-07-12 12:22:16	2016-07-12 12:22:16
124	22	This is the kind of lighting I would like to have in my bedroom.	raise_of_the_tomb_raider_2016_11_23.jpg	NULL	NULL	NULL	NULL	NULL	NULL	NULL	Cold light	1	1	4	1	2016-11-25 13:58:44	2016-11-25 13:58:44	2016-11-25	22	action-adventure platform video game. It is a reboot that emphasizes the reconstructed origins of the lead character Lara Croft.	Rise of the Tomb Raider	2015	Crystal Dynamics	1000	2016-11-25 13:55:53	2016-11-25 13:55:53
125	23	We are welcomed to Karnaca by a peaceful whale passing by.	Dishonored_2_001.jpg	NULL	NULL	NULL	NULL	NULL	NULL	NULL	Karnaca landscape	1	1	4	1	2016-11-30 12:37:50	2016-11-30 12:37:50	2016-11-30	23	stealth action adventure game set in a steampunk world resembling early 1900s London	Dishonored 2	2016	Arkane Studios	1	2016-11-30 12:33:16	2016-11-30 12:33:16
126	24	My compliments to the guys at CD Projekt RED. Taking good screenshots for this game is almost too easy.	the_witcher_3_001.jpg	NULL	NULL	NULL	NULL	NULL	NULL	NULL	Sunset in White Orchard	1	1	4	1	2016-11-30 12:44:12	2016-11-30 12:44:12	2016-12-01	24	Fantasy action/RPG based on the novels by Andrzej Sapkowski	The Witcher 3: Wild Hunt	2015	CD Projekt RED	2	2016-11-30 12:40:55	2016-11-30 12:40:55
127	24	It doesn't get any more remote than this, if you ask me.	the_witcher_3_002.jpg	NULL	NULL	NULL	NULL	NULL	NULL	NULL	Remote fortress	1	1	9	2	2016-11-30 12:47:24	2016-11-30 12:47:24	2016-12-06	24	Fantasy action/RPG based on the novels by Andrzej Sapkowski	The Witcher 3: Wild Hunt	2015	CD Projekt RED	2	2016-11-30 12:40:55	2016-11-30 12:40:55
128	25	Looking at this location I can't help but think about 'Cinque Terre', the famous touristic location in Italy. The church, the houses clinging to the rocks just over the sea, everything is spot on. And Bayonetta's silhouette certainly isn't that bad to look at, too.	bayonetta_004.jpg	NULL	NULL	NULL	NULL	NULL	NULL	NULL	Trip to Cinque Terre	1	1	4	1	2017-05-09 06:42:33	2017-05-09 09:46:47	2017-05-09	25	third-person, action, hackand slash game with a stylish art direction and a sexy female protagonist.	Bayonetta	2009	Platinum games	2	2017-05-09 06:33:06	2017-05-09 06:33:06
129	25	Bayonetta is often over the line when it comes to its plot and cinematics. And intentionally so. That's part of its charm, and it works because Bayonetta never makes the mistake to take itself too seriously. Even when we've got power rangers-like poses like this one.	bayonetta_002.jpg	NULL	NULL	NULL	NULL	NULL	NULL	NULL	Then I get night fever, night feveeeeeeer	1	1	4	1	2017-05-09 06:49:48	2017-05-09 06:49:48	2017-05-12	25	third-person, action, hackand slash game with a stylish art direction and a sexy female protagonist.	Bayonetta	2009	Platinum games	2	2017-05-09 06:33:06	2017-05-09 06:33:06
130	25	A stylish game like Bayonetta could not miss having a classy night club where its seductive protagonist can walk around swaying her hips and looking sexy. Oh but wait, that's what she does everywhere, not just at the Gates of Hell.	bayonetta_003.jpg	NULL	NULL	NULL	NULL	NULL	NULL	NULL	The Gates of Hell	1	1	4	1	2017-05-09 07:04:04	2017-05-09 07:04:04	2017-05-16	25	third-person, action, hackand slash game with a stylish art direction and a sexy female protagonist.	Bayonetta	2009	Platinum games	2	2017-05-09 06:33:06	2017-05-09 06:33:06
